{
  "n_cases": 30,
  "n_non_edge": 24,
  "n_edge": 6,
  "n_errors": 0,
  "recall_at_1": 0.7083333333333334,
  "recall_at_5": 0.9166666666666666,
  "recall_at_10": 1.0,
  "refusal_accuracy": 1.0,
  "mean_confidence": 0.4400673758983612,
  "n_judged": 24,
  "mean_judge_score": 4.458333333333333
}
